SampleName,SMILES,abs,DFT,dipole moment,Excitation energie,solvent,ODI_HOMO,ODI_LUMO,ODI_Mean,ODI_Std,HOMO,LUMO,HOMO_LUMO_Gap,Farthest_Distance,Mol_Radius,Mol_Size_Short,Mol_Size_L,Length_Ratio,ESPmin,ESPmax,Nu,Pi,MPI,Nonpolar_Area,Polar_Area
10e,CC1=CC=C(S(=O)(NC2=C(OC)C=C(N)C3=C2C(C4=C(C3=O)C=CC=C4)=O)=O)C=C1,551,513.87,2.169,2.4128,2.38,9.34,7.51,8.495000000000001,1.8142560458766566,-0.224059,-0.116964,0.107095,43,7.08,8.087,14.153,0.42762183883735694,-47.61359,54.80643,0.20488803,0.02498387,0.68878889,35.77,64.23
11e,OC1=CC2=C(C=C1)C3=C(C2)C=C([N+]([O-])=O)C=C3,435,406.85,7.9417,3.0474,2.38,8.43,14,10.0175,2.700401590504642,-0.228954,-0.105118,0.123836,26,6.849,4.162,13.686,0.5406494429959706,-43.44637,66.51861,0.24408663,0.0230668,0.64648916,42.24,57.76
13e,OC1=CC=C(/N=N/C(C=C2)=C([N+]([O-])=O)C=C2C3=CC=C(/N=N/C4=CC=C(O)C=C4)C([N+]([O-])=O)=C3)C=C1,392,442.5,15.1685,2.8019,2.38,3.5,4.23,4.485,0.6764798592715086,-0.231218,-0.116288,0.11493,52,12.828,6.66,25.586,0.622666764011584,-39.14753,68.31705,0.24525725,0.02239004,0.60968764,47.33,52.67
15e,CNC1=CC(S2)=C(N=C(C2=C3)C=CC3=N)C=C1,617,506.79,11.9129,2.4464,2.38,7.62,8.3,9.637500000000001,2.7959468431999923,-0.199327,-0.105308,0.09402,28,7.386,4.182,14.721,0.5521341234716075,-59.35255,64.74411,0.2495635,0.02793273,0.75711662,37.9,62.1
17e,COC1=CC(S2)=C(N=C(C2=C(NC(C)=O)C3=O)C4=C3C=CC=C4)C=C1,486,481.7,8.2092,2.5739,2.38,6.38,7.67,7.0375000000000005,0.9509830440128784,-0.225311,-0.118958,0.106353,32,7.931,6.195,15.162,0.45074023425887383,-53.50381,36.54482,0.174805,0.02224734,0.62461409,50.89,49.11
18e,CC1=CC=C(NC2=CC=C(O)C(C(C3=C4C=CC=C3)=O)=C2C4=O)C=C1,582,591.98,2.2491,2.0944,2.38,8.42,7.3,6.8925,1.0688632980882071,-0.202024,-0.106437,0.095587,39,6.989,6.676,13.403,0.41918433727403515,-52.71814,61.91854,0.24825797,0.02177284,0.59094478,53.59,46.41
19e,CC1=CC(O)=CC=C1C(C=C2O)=C(N)C(C(C3=C4C(N)=CC=C3O)=O)=C2C4=O,614,584.83,9.7596,2.12,2.38,6.1,5.51,5.6625,0.25272267409158194,-0.19891,-0.110285,0.088625,38,8.478,7.824,16.908,0.48976044955536885,-31.96254,61.9177,0.2141155,0.01837375,0.49627076,57.7,42.3
20e,CC1=CC=C(O)C(C(C=C2O)=C(N)C(C(C3=C4C(N)=CC=C3O)=O)=C2C4=O)=C1,605,587.84,9.9042,2.1091,2.38,6.12,5.48,5.5649999999999995,0.3853245385386194,-0.196214,-0.108056,0.088158,36,8.263,8.039,16.381,0.48115729181965045,-33.77177,63.11942,0.22468392,0.02094019,0.56976078,47.51,52.49
21e,[O-][N+](C(S1)=CC=C1/C=N/C2=CC(C(F)(F)F)=CC=C2N3CCCC3)=O,494,625.41,8.0759,1.9825,2.38,9.59,9.06,8.482500000000002,0.8734808240596927,-0.210298,-0.12529,0.085008,24,7.651,5.623,15.277,0.4691232918777829,-39.96235,34.30443,0.22910056,0.02084728,0.61646116,35.39,64.61
22e,CC(C1=CC=C(/N=N/C2=CC=C(N3CCOCC3)C=C2)C=C1)=O,520,455.12,18.7578,2.7242,2.38,9.19,8.39,13.907499999999999,8.656091424540293,-0.212257,-0.101569,0.110688,38,9.694,5.715,19.488,0.601351559848181,-43.7072,30.32678,0.22294197,0.02028291,0.55740262,42.06,57.94
23e,COC1=CC([N+]([O-])=O)=CC=C1/N=N/C2=CC=C(N(CCO)CCO)C=C2,487,550.02,8.8793,2.2542,2.38,8.21,9.44,11.965,5.361466683660358,-0.209337,-0.112822,0.096515,45,9.719,5.285,18.968,0.5500202980919793,-43.65038,58.81539,0.24999908,0.02387769,0.6518903,38.29,61.71
24e,CC1=C(/N=N/C2=C(Cl)C=C([N+]([O-])=O)C=C2Cl)C=CC(N(CCO)CCO)=C1,447,537.67,10.3337,2.3059,2.38,9.54,9.57,12.42,5.163443618361684,-0.216371,-0.118719,0.097652,44,9.688,8.083,19.176,0.5309558090596965,-39.5314,60.64251,0.2346672,0.02112034,0.57599216,50.98,49.02
25e,COCCCNC1=CC=C([N+]([O-])=O)C=N1,360,348.04,6.2306,3.5623,2.38,13.66,16.1,20.940000000000005,10.07665619141588,-0.241332,-0.099317,0.142015,23,7.864,4.191,15.712,0.591432658285026,-45.14734,46.55836,0.23042442,0.02604581,0.76821037,28.5,71.5
27e,C1(C=CC=N2)=C2C(/C=N/CC/N=C/C3=CC=CC4=C3N=CC=C4)=CC=C1,312,320.64,5.6195,3.8668,2.38,5.11,4.09,5.4575000000000005,1.8399371592530003,-0.231973,-0.076507,0.155466,36,9.463,5.492,18.854,0.5659482499849913,-62.33321,23.73225,0.14554921,0.02052176,0.5586749,50.99,49.01
28e,[O-][N+](C1=C(N2C(C3=CC=CC=C3)=CC(C4=CC=CC=C4)=N2)C=CC([N+]([O-])=O)=C1)=O,409,448.17,0.9681,2.7665,2.38,7.94,9.24,9.8375,1.7073718839198446,-0.236985,-0.128036,0.10895,31,7.957,7.373,15.911,0.4549119396157365,-31.43195,32.72165,0.24508675,0.02024884,0.56289748,37.8,62.2
29e,[O-][N+](C1=CC([N+]([O-])=O)=C(N2CCC(C3=CC=CC=C3)=N2)C=C1)=O,418,426.11,11.2431,2.9096,2.38,7.84,14.97,13.43,3.5775480430037554,-0.228476,-0.110383,0.118093,31,7.908,5.745,15.777,0.5168550368550368,-42.0004,36.44282,0.24643647,0.02428113,0.72211151,35.25,64.75
30e,BrC1=NN(C2=C([N+]([O-])=O)C=C([N+]([O-])=O)C=C2)CC1,397,392.3,7.7048,3.1604,2.38,10.2,10.84,12.3775,2.2650648445463983,-0.238092,-0.111547,0.126545,16,6.681,5.286,13.279,0.49125078613443823,-39.89692,47.02729,0.23510622,0.03175994,0.88906241,27.58,72.42
31e,BrC1=NN(C2=C([N+]([O-])=O)C=C([N+]([O-])=O)C=C2)C(C1)C3=CC=CC=C3,378,390.48,6.9906,3.1752,2.38,10.11,14.58,13.57,1.9998124912101136,-0.241153,-0.114198,0.126954,21,6.643,9.063,13.285,0.401105039099061,-39.41058,33.17471,0.2355808,0.02143849,0.63457932,39.9,60.1
32e,OCCN(CCO)C1=CC=C([N+]([O-])=O)C=N1,370,365.07,6.2116,3.3962,2.38,12.18,15.92,17.5375,5.5096477881984445,-0.236802,-0.100815,0.135987,28,6.583,5.95,12.735,0.47484991983295427,-43.96132,58.44805,0.24954669,0.02661286,0.78327862,29.76,70.24
33e,COC1=C(O)C(/C=C(C(O)=N2)/C(O)=NC2=O)=CC=C1,352,370.49,3.5451,3.3465,2.38,12.06,10.42,9.62,1.734546050123778,-0.2433,-0.126943,0.116356,28,6.327,5.749,12.875,0.48094882330967503,-59.60135,60.95885,0.20531898,0.03661872,1.04709076,16.68,83.32
34e,C1(C(/N=N/C2=CC=CC=C2)NNC3=CC=CC=C3)=CC=CC=C1,483,452.31,0.5454,2.7411,2.38,13.29,15.07,14.0175,3.8628446448181157,-0.205394,-0.078895,0.126499,38,6.944,7.75,13.583,0.45519436997319035,-27.70069,35.87112,0.24938585,0.01624127,0.44269445,49.22,50.78
35e,[O-][N+](C1=CC(NC2=C(O3)C=CC=C2)=C3C([N+]([O-])=O)=C1)=O,494,634.83,1.5856,1.953,2.38,9.41,15.26,13.469999999999999,2.7415962503621856,-0.212971,-0.124247,0.088725,24,6.702,3.4,13.323,0.5180216960223959,-39.26051,69.51013,0.23712633,0.02854331,0.81996592,26.46,73.54
36e,CN(C1=CC=C(/N=N/C2=NNC=N2)C=C1)C,507,415.16,13.0611,2.9864,2.38,9.9,12.87,16.91,8.238983553812933,-0.202072,-0.083719,0.118353,27,7.574,4.181,15.016,0.5747091243110839,-55.14886,57.22762,0.22683052,0.03098125,0.83980077,22.96,77.04
40e,COC(CCC1)C(C(C2=C3C(O)=CC=C2O)=O)=C1C3=O,582,484.13,2.7903,2.561,2.38,10.18,8.76,12.0175,5.436618319323143,-0.236054,-0.127206,0.108848,28,6.061,5.65,12.009,0.44223899834284663,-47.67692,64.70073,0.24921353,0.02050365,0.5621499,52.45,47.55
41e,OC1=CC=C(O)C2=C1C(C(C(O)CCC3)=C3C2=O)=O,402,484.36,2.9369,2.5598,2.38,10.18,8.92,11.1325,3.7109660130483553,-0.246196,-0.139586,0.106611,25,6.034,5.29,11.986,0.4569925270703065,-51.70585,70.1901,0.24850919,0.02497833,0.70187859,38.44,61.56
42e,OC1=C(/N=N/C2=NC=CC=C2)C3=C(C=CC=C3)C=C1,465,447.63,7.8522,2.7698,2.38,7.29,10.37,11.6375,6.53673226849624,-0.215269,-0.101171,0.114098,27,7.077,3.4,14.07,0.5196100155107467,-54.93042,24.15681,0.18571573,0.01854894,0.50982117,49.74,50.26
43e,CC(O)C(O)C(O)C(O)C(C1=C(O)C2=C(C(C(C(C(O)=O)=C(O)C=C3C)=C3C2=O)=O)C(O)=C1O)=O,558,514.66,4.2033,2.4091,2.38,9.04,6.92,10.94,5.506232831982316,-0.25007,-0.14519,0.104879,51,9.452,6.97,18.837,0.5210500110643947,-48.32032,78.9324,0.24290798,0.02805846,0.77117987,30.87,69.13
47e,NC1=CC=CC=C1/N=N/C2=CC=CC=C2N,467,457.39,8.3908,2.7107,2.38,7.05,10.24,7.7250000000000005,1.4607275584447637,-0.196946,-0.082021,0.114925,22,6.882,3.4,13.763,0.5363391917696115,-18.00645,43.1441,0.17253516,0.01839642,0.50080175,40.83,59.17
51e,FC1=CC=C(NC2=C([N+]([O-])=O)C=C([N+]([O-])=O)C=C2[N+]([O-])=O)C=C1,435,512.43,1.3206,2.4196,2.38,7.6,11.45,11.809999999999999,3.5828829174283654,-0.259047,-0.149707,0.109341,22,7.085,6.616,14.168,0.4700262084065952,-30.71292,50.87044,0.22363946,0.02623985,0.74909646,27.69,72.31
52e,NC1=NC(N)=NC(N)=C1/N=N/C2=CC=C3C=CC=CC3=C2,392,420.37,13.1041,2.9494,2.38,6.84,9.29,11.4025,5.445183077730261,-0.205309,-0.084529,0.12078,32,8.258,3.403,16.463,0.5723075853438088,-31.55325,38.65002,0.21641604,0.01989745,0.55128943,38.33,61.67
57e,CCN(CC)C1=CC=C(/N=N/C2=CC=C(Cl)C=C2)C=C1,523,437.01,17.9475,2.8371,2.38,9.69,11.51,16.91,8.240567334838058,-0.200432,-0.087761,0.112672,21,9.087,5.337,18.079,0.5794737010801628,-29.07362,24.61503,0.24967374,0.02065092,0.56212543,31.31,68.69
61e,CN(C)C1=CC(S2)=C(N=C(C2=C3)C=CC3=O)C=C1,576,492.94,14.3255,2.5152,2.38,7.68,8.49,11.025,3.5818605500493725,-0.20973,-0.113644,0.096086,28,7.47,4.18,14.902,0.5565847463957571,-60.10367,39.62888,0.20989534,0.02748167,0.74773961,39.63,60.37
64e,O=C(O)/C=C\C(NC1=CC=C(/N=N/C2=CC=CC=C2)C=C1)=O,357,386.26,11.9489,3.2099,2.38,6.65,11.13,15.88,9.030800075297869,-0.233144,-0.100656,0.132488,25,8.237,7.182,16.286,0.512573568753344,-47.88098,56.06077,0.24492756,0.02165002,0.58912071,46.69,53.31
65e,CC(C1=CC(/N=N/C2=CC=C(N(C)CC)C=C2)=CC=C1)=O,551,439.8,16.4328,2.8191,2.38,9.51,11.2,15.8675,7.946440634019737,-0.200109,-0.086702,0.113407,36,8.753,4.182,17.597,0.5816805500462779,-47.16436,26.5757,0.17939541,0.02329473,0.63148393,30.86,69.14
66e,CSC1=CC=C(/N=N/C2=CC=C(NC3=CC=CC=C3)C=C2)C=C1,432,440.32,18.3477,2.8158,2.38,8.19,11.31,14.0625,9.660345167228757,-0.204927,-0.089534,0.115392,36,10.207,5.571,20.171,0.5979072800569125,-27.05318,50.06063,0.23685756,0.01699916,0.46260393,50.96,49.04
68e,[O-][N+](C1=CC=C(/N=N/NC2=CC=C(/N=N/C3=CC=CC=C3)C=C2)C=C1)=O,401,492.96,24.1924,2.5151,2.38,5.77,6.86,12.4225,9.969379055387552,-0.227468,-0.121792,0.105676,28,10.96,3.401,21.893,0.6448790833308787,-40.86842,56.03084,0.24540271,0.01806148,0.50524032,54.37,45.63
6e,OC1=C2C=CC=CC2=C([N+]([O-])=O)C=C1[N+]([O-])=O,437,404.19,1.7418,3.0675,2.38,8.16,14.98,12.4025,2.572006755434363,-0.259853,-0.128575,0.131278,21,5.539,4.03,10.721,0.43524683338746345,-33.76875,41.36303,0.24570924,0.02284302,0.67836294,27.53,72.47
71e,CC1=CC(O)=CC=C1/N=N/C2=CC3=C(C(C=CC=C4)=C4C3)C=C2,423,405.69,19.2056,3.0561,2.38,5.14,10.16,12.765,9.6694221647418,-0.213565,-0.08864,0.124924,39,9.069,4.161,18.136,0.5954429049839123,-31.47451,60.04341,0.1957971,0.01657848,0.45548082,49.58,50.42
72e,CC1=C(/N=N/C2=C(O)C=CC3=C2C=CC=C3)C=CC=C1,491,417.12,8.7719,2.9724,2.38,6.65,9.17,12.8,8.876142180023932,-0.215667,-0.091907,0.12376,32,7.135,4.147,14.263,0.5031040564373898,-41.93323,55.91323,0.23218411,0.01831442,0.50224,47.23,52.77
74e,O=C(C(C(N)=C(OC1=CC=CC=C1)C=C2O)=C2C3=O)C4=C3C=CC=C4,553,513.17,5.4491,2.416,2.38,9.51,6.73,7.9775,1.3271656829499472,-0.212259,-0.114257,0.098002,33,8.407,6.707,16.682,0.5177690182811384,-37.85893,36.7661,0.22286935,0.01768491,0.48124336,57.57,42.43
75e,O=C(C(C(N)=CC=C1O)=C1C2=O)C3=C2C=CC=C3,527,513.68,4.0676,2.3319,2.38,9.7,6.87,12.759999999999998,8.81389527961389,-0.218648,-0.121502,0.097145,22,6.002,3.401,11.687,0.48858695652173917,-31.58516,52.55318,0.24258701,0.01916928,0.51951854,54.6,45.4
76e,S=C(N/N=C/C1=CC=C(O1)[N+]([O-])=O)N2CCOCC2,473,424.84,9.2498,2.9184,2.38,63.64,11.89,29.3575,22.093747277227557,-0.233157,-0.130877,0.10228,29,7.967,5.97,15.874,0.5241365647493892,-43.8271,63.02859,0.24959763,0.02954589,0.83390416,26.52,73.48
77e,O=C(C(O)=C1C2=CC=CS2)C3=C(O1)C=C(Cl)C(Cl)=C3,437,374.93,6.2903,3.3069,2.38,9.79,7.41,8.1525,1.2279327139546365,-0.240336,-0.10516,0.135177,24,7.348,4.203,14.492,0.5190172623737555,-54.32138,41.97994,0.21568112,0.02107619,0.59388851,49.81,50.19
78e,OC1=C(/N=N/C2=CC=CC=C2)C=CC(O)=C1,428,395.36,11.2344,3.136,2.38,7.87,12.41,16.365000000000002,8.053376621020526,-0.224872,-0.097805,0.127068,26,7.238,3.4,14.476,0.5687568756875688,-32.34612,60.79607,0.19763928,0.01835675,0.50004042,53.64,46.36
7e,CN(C)C1=CC2=C(C=C3C=CC(N(C)C)=CC3=N2)C=C1,490,412.97,7.5831,3.0023,2.38,8.83,7.2,7.565,0.734251319372325,-0.184926,-0.064553,0.120373,34,8.105,4.179,16.21,0.563394967329348,-48.3128,23.51592,0.14068157,0.02137837,0.56907597,41.05,58.95
80e,C1(/N=N/C2=CC(NC3=CC=CC=C3)=CC=C2)=CC=CC=C1,410,345.54,11.5083,3.5881,2.38,10.93,13.14,15.5575,8.812319147080409,-0.201853,-0.094741,0.107111,29,8.053,5.521,15.892,0.49460023030718,-26.32195,45.65318,0.22261978,0.01641732,0.45096389,48.56,51.44
82e,O=C(OCC)C1=NN(C2=CC=CC=C2)C(/C1=N\NC3=CC=CC=C3)=O,420,405.15,10.6017,3.0602,2.38,6.16,11,7.58,2.0329781110479277,-0.231535,-0.115288,0.116247,33,8.257,4.18,16.499,0.5075209941862253,-48.00398,31.46732,0.18496835,0.01835865,0.50214084,48.79,51.21
83e,O=C(OCC)C1=NN(C2=CC=C(C)C=C2C)C(/C1=N\NC3=CC=C(C)C=C3C)=O,456,436.5,6.1535,2.8404,2.38,7.22,10.95,8.51,1.4628909733811333,-0.223202,-0.106847,0.116356,52,9.267,7.528,18.498,0.48121748178980234,-55.60695,22.23818,0.10562863,0.01752136,0.47438232,58.22,41.78
8e,ClC1=CC(NC2=C3C=C([N+]([O-])=O)C=C2[N+]([O-])=O)=C(O3)C=C1,445,536.17,2.2841,2.3124,2.38,7.37,14.82,11.8825,2.9892756229561703,-0.227629,-0.125378,0.102251,20,7.283,3.5,14.526,0.5321268957432779,-35.5132,55.3135,0.24881908,0.02292766,0.70217169,29.17,70.83
N4e,CCCCCCC#CC(C=C1)=C2C3=C1C4=CC=CC5=C4C(C3=CC=C2)=CC=C5C#CCCCCCC,475,517.65,14.4167,2.3951,1.9,4.54,4.43,4.9025,0.6379802112918551,-0.189696,-0.09181,0.097887,62,15.098,6.573,30.195,0.6527801798685576,-19.19346,21.69096,0.22634395,0.01299839,0.35574621,65.3,34.7
N1,CCCCCCCCC(CCCCCCCCCC)CC1=CC(C2=C3C4=CC(CC(CCCCCCCCCC)CCCCCCCC)=CC3=CC(CC(CCCCCCCC)CCCCCCCCCC)=C2)=C(C4=CC(CC(CCCCCCCCCC)CCCCCCCC)=C5)C5=C1,448,449.02,5.2668,2.7612,1.9,5.49,5.03,5.095000000000001,0.29576172842340515,-0.17468,-0.066193,0.108487,176,20.218,14.096,38.619,0.4404790419161676,-16.58134,14.42446,0.13011483,0.00483434,0.14686038,94.74,5.26
C4e,CCCCC(CC)CN(CC(CC)CCCC)C(C=C1N(C(C(CC)CCCC)=O)[H])=C(OC)C=C1/N=N/C2=C3C(C=CC([N+]([O-])=O)=C3)=NS2,653.5,628.06,17.1945,1.9741,1.9,6.1,5.74,7.824999999999999,1.9796527473271672,-0.216363,-0.135288,0.081075,103,10.667,10.405,21.28,0.480567286194982,-40.84166,24.62787,0.16494267,0.01427662,0.41894564,61.15,38.85
C8,O=C1C2=C(C(N([H])CC(CCCCCCCC)CCCCCCCCCC)=CC=C2N(CC(CCCCCCCC)CCCCCCCCCC)[H])C(C3=CC=CC=C31)=O,596,579.08,4.7697,2.141,1.9,8.1,6.52,9.459999999999999,3.9097058712900643,-0.187261,-0.100977,0.086285,147,16.878,13.505,33.044,0.4647211869770059,-39.79019,24.99732,0.1482004,0.00833351,0.23597042,85.54,14.46
N12e,O=C(N(CC(C)C)C1=O)C2=C3C1=CC=C(C4=CC(CC(C)C)=CC=C4O5)C3=C5C=C2,422,433.75,7.7578,2.8584,1.9,6.01,5.73,6.827500000000001,1.9849732365953954,-0.221447,-0.103085,0.118361,54,9.751,6.387,19.397,0.5479842924541628,-41.75831,32.46659,0.18938596,0.01534592,0.42874044,63.01,36.99
N13e,O=C(N(CC(C)C)C1=O)C2=C3C1=CC=C(C4=CC=CC=C4O5)C3=C5C=C2,418,414.19,7.4555,2.9934,1.9,6.36,5.91,6.62,1.1739037439245177,-0.223567,-0.101874,0.121692,41,8.512,6.471,16.955,0.5177889754160939,-44.61969,33.06766,0.21144186,0.01594677,0.43489608,65.04,34.96
N14e,O=C(N(CC(C)C)C1=O)C2=C3C1=CC=C4C3=C(C5=C(O4)C=C6C(OC7=CC=C8C9=C(C=CC6=C97)C(N(CC(C)C)C8=O)=O)=C5)C=C2,412,496.19,16.9692,2.4987,1.9,3.73,3.25,3.55,0.24259018941416405,-0.224027,-0.118576,0.105451,72,13.163,6.522,26.336,0.6120238897538983,-40.49075,38.78709,0.19467836,0.01601485,0.46623213,58.46,41.54
N16e,O=C(C1=C2C(C3=C4C(OC5=C4C=C(CC(C)C)C=C5)=C26)=C(C(N(CC(C)C)C3=O)=O)C7=C1C8=CC(CC(C)C)=CC=C8O7)N(CC(C)C)C6=O,471,459.42,9.8699,2.6987,1.9,3.85,4.38,4.435,0.3812151623427378,-0.236273,-0.134796,0.101478,91,11.532,6.55,22.966,0.5033202568541937,-51.33469,19.69499,0.09097507,0.01185563,0.32686698,79.29,20.71
N17e,O=C(C1=C2C(C=CC=C23)=C(C4=CC(CC(C)C)=CS4)C=C1)N(CC(C)C)C3=O,368,410.18,6.4649,3.0227,1.9,7.06,6.29,7.3275,1.8515044558412495,-0.231953,-0.106454,0.125499,51,9.56,6.735,18.974,0.5450889137866645,-42.83231,27.55428,0.17407196,0.01433003,0.39789456,65.17,34.83
N18e,O=C(C1=C2C=CC(OCCC(CCC)CC)=C1)C(C=CC(OCCC(CCC)CC)=C3)=C3C2=O,342,367.83,4.1333,3.3707,1.9,6.8,8.67,7.1625,0.8908808842937422,-0.24242,-0.110527,0.131893,72,14.539,6.07,28.986,0.6599576512374491,-43.55477,27.31385,0.13110758,0.01482666,0.42717168,69.18,30.82
N19e,CC(C)CC1=CC=C(C2=CC=C(C3=C4C=CC=C32)C5=CC=CC6=C(C7=CC=C(CC(C)C)C=C7)C=CC4=C65)C=C1,456,457.03,13.4925,2.7128,1.9,4.8,4.81,4.235,0.6316842565712715,-0.189058,-0.078818,0.11024,74,13.4,6.701,26.732,0.6128240984846748,-17.53237,19.2404,0.22443799,0.01187223,0.32080383,68.87,31.13
N20e,O=C(N(CC(C)C)C1=O)C2=C3C1=CC=C(C4=CC(CC(C)C)=CC=C4O5)C3=C5C(C6=CC=C(C=C6)CC(C)C)=C2,432,436.35,5.6496,2.8414,1.9,4.97,5.8,5.789999999999999,0.7791983059529841,-0.214579,-0.097336,0.117243,69,9.626,7.442,18.162,0.41504604767019354,-46.00991,30.69516,0.16528783,0.01356531,0.37835838,69.35,30.65
N2e,O=C1C2=C(C=CC=C2NC(C(C)C)=O)C(C3=C(NC(C(C)C)=O)C=CC=C31)=O,439,466.38,5.2271,2.6584,1.9,6.24,7.72,6.1274999999999995,1.0041756569445406,-0.246208,-0.129709,0.1165,42,8.81,6.748,17.474,0.49529478458049886,-42.74144,21.1309,0.1069215,0.01330883,0.38148523,68.28,31.72
N5e,O=C(N(CC(C)C)C1=O)C2=C(OC3=CC=C(CC(C)C)C=C3)C=C4C5=C(C(N(CC(C)C)C4=O)=O)C(OC6=CC=C(CC(C)C)C=C6)=CC1=C52,449,440.05,2.4846,2.8175,1.9,5.27,5.24,5.3825,0.3040045229926688,-0.243722,-0.131215,0.112506,94,13.31,7.379,26.615,0.5102569018404908,-46.43554,19.72555,0.11309774,0.01331593,0.36728981,70.51,29.49
N7e,O=C(N(CC(C)C)C1=O)C2=C(OC3=CC=C(CC(C)C)C=C3)C=C4C5=C(C(N(CC(C)C)C4=O)=O)C(Br)=CC1=C52,429,428.18,3.9582,2.8956,1.9,10.05,5.27,6.8225,1.9721989630866357,-0.254862,-0.136002,0.11886,71,9.636,7.522,19.255,0.42927209898562035,-42.192,24.3726,0.15303322,0.01378822,0.40097239,64.75,35.25
N9e,O=C(C1=C2C(C=CC=C23)=C(N4CCNCC4)C=C1)N(CC(C)C)C3=O,387,447.98,4.2203,2.7676,1.9,9.11,6.67,12.855,7.95785618115834,-0.212545,-0.094249,0.118295,48,7.851,7.232,15.623,0.48316066182155554,-42.94325,37.34412,0.21431275,0.01932826,0.52411514,51.73,48.27
12e,CC(C(N)=C1)=CC(C1=N2)=NC3=C2C=C(N(C)C)C=C3,535,424.95,6.6882,2.9176,2.38,10.27,7.68,8.6825,1.282212443396179,-0.193199,-0.079875,0.113324,27,7.57,4.179,15.072,0.5495715587967184,-43.37042,46.80848,0.24325424,0.02396764,0.64841822,34.68,65.32
2e,CC(C)C(C=C1N/N=C/C2=C(O)C=CC=C2)=CC=C(I)C1=O,470,407.95,12.361,3.0392,2.38,7.39,7.19,8.3325,1.616885509243001,-0.196829,-0.07041,0.126419,36,7.949,6.74,15.858,0.4643087193300931,-52.92226,69.34494,0.24348644,0.01972765,0.53709944,48.46,51.54
37e,CC(/C(C1=O)=N\N(C2=CC=CC=C2)C)=NN1C3=CC=CC=C3,368,322.58,5.1913,3.8435,2.38,9.1,13.51,11.155,2.103241545804951,-0.213254,-0.086264,0.12699,33,7.608,6.862,15.068,0.49084630920581146,-57.10505,31.13353,0.19967285,0.02676135,0.72486993,32.99,67.01
38e,O=C(N1C/C=N/NC2=CC=C([N+]([O-])=O)C=C2[N+]([O-])=O)CCC1=O,427,369.8,5.9477,3.3528,2.38,11.57,9.78,14.682500000000001,6.323793857329633,-0.252839,-0.120458,0.13238,30,6.638,7.537,12.929,0.44865877780476804,-44.46903,70.47319,0.23831659,0.03202798,0.88915453,23.22,76.78
44e,O=C(N/N=C/C1=CC([N+]([O-])=O)=CC=C1)CCN(C2=C3C=CC=C2)C4=C(S3)C=CC=C4,318,295.97,12.394,4.189,2.38,10.47,16.63,11.995,2.679780774615714,-0.196018,-0.124787,0.071231,39,9.945,5.573,19.758,0.5341732453768789,-39.29082,67.58542,0.2307776,0.02364944,0.66033559,38.1,61.9
49e,CN(C)C1=CC=C(/N=N/C2=CC=CC=C2CO)C=C1,522,430.92,15.7211,2.8772,2.38,8.83,11.14,15.2725,7.623376466500916,-0.197396,-0.081171,0.116225,33,7.983,4.181,15.84,0.5428189575408656,-34.0509,43.92678,0.24884436,0.02151634,0.58624639,35.74,64.26
4e,C1(/N=N/C2=CC=C(NC3=CC=CC=C3)C=C2)=CC=CC=C1,539,444.74,17.4335,444.74,2.38,7.58,10.86,13.79,9.20466729436757,-0.202206,-0.087308,0.114899,31,9.136,4.909,18.25,0.5904047102973052,-24.99342,50.80029,0.2224001,0.01682378,0.45770788,50.62,49.38
5e,CCN(C1=CC=C(/N=N/C2=CC=C(S(=O)(O)=O)C=C2)C=C1)CC,517,457.13,18.7886,2.7122,2.38,9.59,9.2,14.954999999999998,8.475766926951213,-0.207969,-0.099521,0.108448,24,9.329,5.993,18.366,0.5753218682454656,-42.74618,60.21093,0.22803551,0.0245322,0.6742119,36.26,63.74
N21e,O=C(C1=C2C(C3=CC(OCC(CCCC)CC)=C24)=C(C(N(CC(CC)CCCC)C3=O)=O)C(OCC(CCCC)CC)=C1)N(CC(CC)CCCC)C4=O,462,400.86,4.5861,3.093,1.9,6.81,5.26,6.3999999999999995,1.4424458395378317,-0.30549,-0.070049,0.235441,122,12.024,9.876,19.527,0.4080451363493888,-48.20779,22.09281,0.09834386,0.0103302,0.29316983,82.6,17.4
